Accession,Pangolin,Length,Country,Collection_Date,Year,Month,Day
ON974872,BA.2.10,29785,Bangladesh,2022-01-27,2022,1,27
ON909199,B.1.617.2,29799,Bangladesh,2021-07-07,2021,7,7
ON909203,AY.122,29807,Bangladesh,2021-07-13,2021,7,13
ON810538,BA.2,29823,Bangladesh,2022-01-27,2022,1,27
ON810539,BA.2.10.1,29810,Bangladesh,2022-01-27,2022,1,27
ON026021,BA.1,29787,Bangladesh,2022-01-03,2022,1,3
ON026029,BA.1.1,29794,Bangladesh,2022-01-16,2022,1,16
ON026031,BA.2.37,29758,Bangladesh,2022-01-20,2022,1,20
ON026042,BA.1.18,29786,Bangladesh,2022-01-06,2022,1,6
OM967280,B.1.1.25,29867,Bangladesh,2020-07-11,2020,7,11
OM967282,B.1.36.16,29863,Bangladesh,2020-07-07,2020,7,7
OM967283,B.1.36.8,29879,Bangladesh,2020-07-13,2020,7,13
OM967295,B.1.1.25,29882,Bangladesh,2020-09-09,2020,9,9
OM967301,B.1.1.25,29841,Bangladesh,2020-08-11,2020,8,11
OM967306,B.1.1.25,29879,Bangladesh,2020-10-23,2020,10,23
OM967308,B.1.36.8,29876,Bangladesh,2020-10-25,2020,10,25
OM967309,B.1.36.16,29875,Bangladesh,2020-10-26,2020,10,26
OM967318,B.1.36.8,29874,Bangladesh,2020-08-11,2020,8,11
OM967321,B.1.36.8,29855,Bangladesh,2020-11-15,2020,11,15
OM967323,B.1.1,29847,Bangladesh,2020-11-19,2020,11,19
OM967325,B.1.1,29878,Bangladesh,2020-08-12,2020,8,12
OM967333,B.1.1.25,29884,Bangladesh,2020-11-02,2020,11,2
OM760599,BA.1.17.2,29794,Bangladesh,2022-01-19,2022,1,19
OM721708,B.1.617.2,29819,Bangladesh,2021-08-14,2021,8,14
OM721738,B.1.617.2,29793,Bangladesh,2021-09-04,2021,9,4
OM570262,BA.1,29743,Bangladesh,2021-12-14,2021,12,14
OM570263,B.1.1,29740,Bangladesh,2021-12-19,2021,12,19
OM574616,BA.1.15,29839,Bangladesh,2021-12-08,2021,12,8
OM574620,BA.2,29829,Bangladesh,2021-12-08,2021,12,8
OM533457,BA.2.10.3,29757,Bangladesh,2022-01-18,2022,1,18
OM277001,AY.65,29811,Bangladesh,2021-08-07,2021,8,7
OM278238,B.1.617.2,29803,Bangladesh,2021-10-06,2021,10,6
OM278269,AY.122,29801,Bangladesh,2021-09-16,2021,9,16
OM278316,AY.127,29819,Bangladesh,2021-09-30,2021,9,30
OM090139,B.1.617.2,29800,Bangladesh,2021-11-14,2021,11,14
OM090140,AY.122,29814,Bangladesh,2021-11-14,2021,11,14
OM090162,AY.122,29804,Bangladesh,2021-08-02,2021,8,2
OM049447,AY.112,29811,Bangladesh,2021-08-01,2021,8,1
OM019123,AY.65,29805,Bangladesh,2021-09-22,2021,9,22
OL989398,AY.127,29808,Bangladesh,2021-08-12,2021,8,12
OL966510,AY.75.2,29814,Bangladesh,2021-07-14,2021,7,14
OL966515,AY.65,29809,Bangladesh,2021-07-14,2021,7,14
OL910953,AY.122,29814,Bangladesh,2021-06-29,2021,6,29
OL910954,B.1.617.2,29818,Bangladesh,2021-06-29,2021,6,29
OL910991,AY.127,29811,Bangladesh,2021-06-29,2021,6,29
LC647128,B.1,29733,Bangladesh,2020-04-25,2020,4,25
LC647129,B.1.1.25,29806,Bangladesh,2020-05-03,2020,5,3
LC647134,B.1,29805,Bangladesh,2020-05-10,2020,5,10
LC647137,B.1.1,29645,Bangladesh,2020-05-12,2020,5,12
LC647144,B.1.36.16,29782,Bangladesh,2020-05-16,2020,5,16
MZ749905,B.1,29866,Bangladesh,2020-06-11,2020,6,11
MZ749907,B.1.1.25,29866,Bangladesh,2020-06-11,2020,6,11
MZ749908,B.1.1,29873,Bangladesh,2020-06-11,2020,6,11
MZ562479,B.1.1.25,29848,Bangladesh,2021-03-19,2021,3,19
MZ562480,B.1.351.3,29836,Bangladesh,2021-03-19,2021,3,19
MZ562482,B.1.1.25,29849,Bangladesh,2020-12-05,2020,12,5
MZ562489,B.1.351,29825,Bangladesh,2021-03-08,2021,3,8
MZ562491,B.1.1,29848,Bangladesh,2021-02-14,2021,2,14
MZ413878,B.1,29782,Bangladesh,2021-05-27,2021,5,27
MZ413974,B.1.1.7,29766,Bangladesh,2021-03-16,2021,3,16
MZ413975,B.1.1.7,29766,Bangladesh,2020-12-31,2020,12,31
MZ413976,B.1.1.7,29763,Bangladesh,2021-02-04,2021,2,4
MZ413985,B.1.1.7,29767,Bangladesh,2021-04-12,2021,4,12
MZ401459,B.1.617.2,29782,Bangladesh,2021-05-27,2021,5,27
MZ148598,B.1.1,29870,Bangladesh,2020-12-03,2020,12,3
MZ020420,P.1.14,29853,Bangladesh,2021-02-18,2021,2,18
MW624725,B.1.1.7,29842,Bangladesh,2021-01-31,2021,1,31
MT800891,B.1.36.8,29822,Bangladesh,2020-06-30,2020,6,30
MT913012,B.1.1,29824,Bangladesh,2020-07-20,2020,7,20
MT581410,B.1.1.25,29822,Bangladesh,2020-04-29,2020,4,29
MT581412,B.1.1,29822,Bangladesh,2020-04-29,2020,4,29
MT581432,B.1.1.175,29812,Bangladesh,2020-04-29,2020,4,29
MT607974,B.1.1.175,29826,Bangladesh,2020-05-24,2020,5,24
MT847215,B.1,29903,Bangladesh,2020-07-14,2020,7,14
MT755916,B.1.159,29880,Bangladesh,2020-07-06,2020,7,6
MT731663,B.1.1.59,29903,Bangladesh,2020-06-17,2020,6,17
MT731664,B.1.1.175,29903,Bangladesh,2020-06-20,2020,6,20
MT731669,B.1.36.16,29903,Bangladesh,2020-06-24,2020,6,24
MT502774,A,29859,Bangladesh,2020-05-13,2020,5,13
OQ352636,BA.1.1,29792,Kenya,2021-12-15,2021,12,15
OQ352640,BQ.1.8,29743,Kenya,2022-11-18,2022,11,18
OQ352644,BA.1.1.1,29783,Kenya,2021-12-15,2021,12,15
OQ352707,BQ.1.1,29761,Kenya,2022-11-23,2022,11,23
OQ352727,XBB.3.2,29760,Kenya,2022-11-02,2022,11,2
OQ130516,XBB.2,29767,Kenya,2022-11-27,2022,11,27
OQ130517,BQ.1.1,29770,Kenya,2022-12-06,2022,12,6
OQ130520,BQ.1.10,29764,Kenya,2022-11-29,2022,11,29
OQ130522,XBB.3.2,29765,Kenya,2022-12-03,2022,12,3
OP963518,BQ.1.1.7,29762,Kenya,2022-11-20,2022,11,20
OP890757,AY.46.4,29764,Kenya,2021-09-07,2021,9,7
OP890799,AY.46,29807,Kenya,2021-09-02,2021,9,2
OP890812,AY.121,29809,Kenya,2021-10-22,2021,10,22
OP890829,AY.16,29813,Kenya,2021-09-18,2021,9,18
OP890839,BF.5,29761,Kenya,2022-10-06,2022,10,6
OP890856,AY.46,29807,Kenya,2021-10-25,2021,10,25
OP890870,BQ.1.8,29754,Kenya,2022-10-06,2022,10,6
OP890880,BA.2.75.1,29767,Kenya,2022-10-03,2022,10,3
OP883706,BA.2.31.1,29764,Kenya,2022-08-07,2022,8,7
OP883707,BA.5.2.1,29738,Kenya,2022-05-07,2022,5,7
OP883724,BA.5.2.1,29735,Kenya,2022-04-07,2022,4,7
OP883729,BA.5.2.1,29749,Kenya,2022-07-12,2022,7,12
OP883730,B.1.617.2,29807,Kenya,2021-12-18,2021,12,18
OP883735,BA.1,29790,Kenya,2021-12-18,2021,12,18
OP883737,BA.4.1,29739,Kenya,2022-06-24,2022,6,24
OP883742,BA.4.1,29729,Kenya,2022-08-07,2022,8,7
OP883748,BA.1.13,29792,Kenya,2021-12-18,2021,12,18
OP883812,BA.2.75.5,29750,Kenya,2022-09-11,2022,9,11
OP711787,BA.4.1,29752,Kenya,2022-07-18,2022,7,18
OP711807,BA.5.2,29764,Kenya,2022-07-27,2022,7,27
OP711822,B.1,29714,Kenya,2021-01-28,2021,1,28
OP711826,A.23.1,29714,Kenya,2021-01-27,2021,1,27
OP711847,B.1.530,29714,Kenya,2020-07-17,2020,7,17
OP711848,B.1,29714,Kenya,2020-07-17,2020,7,17
OP711849,AY.16,29702,Kenya,2021-07-07,2021,7,7
OP711850,AY.46,29702,Kenya,2021-07-07,2021,7,7
OP711853,B.1.351,29696,Kenya,2021-06-21,2021,6,21
OP711855,B.1.617.2,29702,Kenya,2021-07-02,2021,7,2
OP711877,AY.46,29696,Kenya,2021-12-07,2021,12,7
OP711888,AY.46,29702,Kenya,2021-08-13,2021,8,13
OP711898,AY.16,29701,Kenya,2022-01-12,2022,1,12
OP711901,AY.46.4,29701,Kenya,2021-07-28,2021,7,28
OP711904,B.1.572,29711,Kenya,2021-07-30,2021,7,30
OP711905,AY.16,29701,Kenya,2020-10-26,2020,10,26
OP711907,AY.16,29701,Kenya,2021-08-03,2021,8,3
OP711911,B.1.617.2,29701,Kenya,2021-08-06,2021,8,6
OP711916,AY.122,29701,Kenya,2021-08-31,2021,8,31
OP711952,B.1,29714,Kenya,2020-04-08,2020,4,8
OP711954,B.1,29711,Kenya,2020-11-07,2020,11,7
OP296284,BA.2.36,29724,Kenya,2022-07-18,2022,7,18
OP296389,BA.4.6,29709,Kenya,2022-07-26,2022,7,26
ON965587,BA.4,29709,Kenya,2022-06-11,2022,6,11
ON965696,BE.1,29718,Kenya,2022-06-15,2022,6,15
ON871906,BA.1.1.14,29747,Kenya,2021-12-18,2021,12,18
ON871935,BA.1.18,29747,Kenya,2021-12-20,2021,12,20
ON871962,BA.1.15.1,29747,Kenya,2021-12-20,2021,12,20
ON602839,BA.1.18,29747,Kenya,2022-01-02,2022,1,2
ON602948,BA.1.1.1,29747,Kenya,2022-01-23,2022,1,23
ON602965,BA.1.1.11,29747,Kenya,2021-12-31,2021,12,31
ON603002,BA.1,29747,Kenya,2022-01-04,2022,1,4
ON603007,BA.1.1,29747,Kenya,2022-01-05,2022,1,5
ON603009,BA.1.1.4,29747,Kenya,2022-01-04,2022,1,4
ON603158,AY.46,29765,Kenya,2021-11-09,2021,11,9
ON603219,BA.1.1.14,29747,Kenya,2022-01-05,2022,1,5
ON603278,BA.2,29741,Kenya,2022-04-18,2022,4,18
ON603282,BA.4.1,29709,Kenya,2022-05-09,2022,5,9
ON603288,BA.2,29724,Kenya,2022-05-11,2022,5,11
ON198118,AY.16,29759,Kenya,2021-12-13,2021,12,13
ON198825,BA.2,29724,Kenya,2022-01-18,2022,1,18
ON199073,AY.16,29765,Kenya,2021-06-05,2021,6,5
OL913207,B.1.1,29782,Kenya,2020-11-11,2020,11,11
OL913208,B.1.530,29782,Kenya,2020-11-11,2020,11,11
OL913214,B.1,29782,Kenya,2020-12-11,2020,12,11
OL913312,B.33,29782,Kenya,2020-03,2020,3,1
OL913316,B.1,29782,Kenya,2020-03-20,2020,3,20
OL913326,B.1.1,29782,Kenya,2020-03-29,2020,3,29
OL914629,A.23.1,29782,Kenya,2021-02-26,2021,2,26
OL739766,B.1.549,29777,Kenya,2020-11-25,2020,11,25
OL739858,AY.16,29764,Kenya,2021-10-02,2021,10,2
OL691336,B.1.549,29768,Kenya,2020-10-28,2020,10,28
OL691440,B.1.393,29777,Kenya,2020-09-11,2020,9,11
OL691441,B.1.596.1,29777,Kenya,2020-11-11,2020,11,11
OL691513,B.1.351,29759,Kenya,2021-05-04,2021,5,4
OL549006,B.1.1.7,29763,Kenya,2021-02-25,2021,2,25
OL549060,B.1.1.7,29763,Kenya,2021-03-02,2021,3,2
OL454532,B.1,29777,Kenya,2020-10-06,2020,10,6
OL454545,B.1.1,29774,Kenya,2020-10-15,2020,10,15
OL454563,B.1.530,29777,Kenya,2020-10-21,2020,10,21
OL454598,B.1.596.1,29777,Kenya,2020-10-27,2020,10,27
OL454628,A.23,29777,Kenya,2020-10-28,2020,10,28
OK510442,B.1.1,29782,Kenya,2020-06-29,2020,6,29
OK510444,B.1,29782,Kenya,2020-06-29,2020,6,29
OK510454,B.1,29782,Kenya,2020-09-06,2020,9,6
OK510491,N.8,29761,Kenya,2020-11-13,2020,11,13
OK510498,B.1.177,29782,Kenya,2020-12-21,2020,12,21
OK510500,B.1.398,29782,Kenya,2020-12-23,2020,12,23
OK487840,B.1.1.7,29763,Kenya,2021-05-04,2021,5,4
OK488030,B.1.1.7,29763,Kenya,2021-04-01,2021,4,1
OK449077,A.25,29782,Kenya,2020-06-08,2020,6,8
OK449104,B.1,29782,Kenya,2020-08-03,2020,8,3
OK449142,B.1.314,29782,Kenya,2020-11-17,2020,11,17
OK449157,A.23,29782,Kenya,2020-11-23,2020,11,23
MW751109,B.1,29782,Kenya,2020-05-04,2020,5,4
MW751133,A,29782,Kenya,2020-04-04,2020,4,4
WDB02878,BQ.1.1.31,7093,Bahrain,2022-12-02,2022,12,2
WDB02968,BQ.1.1,7093,Bahrain,2022-11-23,2022,11,23
WDB03047,BQ.1.1,7093,Bahrain,2022-12-04,2022,12,4
WDB03147,BQ.1.1.5,7093,Bahrain,2022-12-03,2022,12,3
WDB03204,BQ.1.23,7093,Bahrain,2022-11-16,2022,11,16
WDB03623,BQ.1.2,7093,Bahrain,2022-11-28,2022,11,28
WDB03692,BQ.1,7093,Bahrain,2022-11-29,2022,11,29
WDB04128,XBB.2,7093,Bahrain,2022-12-20,2022,12,20
WDB04241,BM.1.1.3,7093,Bahrain,2022-12-17,2022,12,17
WDB04265,XBB.1,7093,Bahrain,2022-12-15,2022,12,15
WDB04343,BN.1,7093,Bahrain,2022-12-18,2022,12,18
WDB04367,CH.1.1,7093,Bahrain,2022-12-18,2022,12,18
WDB04500,BN.1.4,7093,Bahrain,2022-12-18,2022,12,18
WDB05732,BA.5.2.6,7093,Bahrain,2022-12-28,2022,12,28
UZU90120,BN.1,7093,Bahrain,2022-10-31,2022,10,31
UZU90432,BA.5.2.20,7093,Bahrain,2022-11-01,2022,11,1
UZU90944,BN.1,7093,Bahrain,2022-11-03,2022,11,3
UZU90991,BQ.1,7093,Bahrain,2022-10-26,2022,10,26
UZU92429,BF.7,7093,Bahrain,2022-11-07,2022,11,7
UZU92487,BQ.1.1.15,7093,Bahrain,2022-11-10,2022,11,10
UZU92510,CL.1,7093,Bahrain,2022-11-14,2022,11,14
UZU92884,XBB.2,7093,Bahrain,2022-11-14,2022,11,14
UZU93188,BQ.1.12,7093,Bahrain,2022-11-20,2022,11,20
UZU93750,CA.3,7093,Bahrain,2022-11-21,2022,11,21
UYR39560,BA.5.2,7093,Bahrain,2022-10-16,2022,10,16
UYR39714,BA.2.75,7093,Bahrain,2022-10-16,2022,10,16
UYR76187,BQ.1.5,7093,Bahrain,2022-10-23,2022,10,23
UYR76278,XBB.2,7093,Bahrain,2022-10-23,2022,10,23
UYR76323,CA.3,7093,Bahrain,2022-10-20,2022,10,20
UYR76426,XBB.1,7093,Bahrain,2022-10-21,2022,10,21
UYR76470,BQ.1.23,7093,Bahrain,2022-10-21,2022,10,21
UYR76494,XBB,7093,Bahrain,2022-10-24,2022,10,24
UYR76550,BA.2.75.2,7093,Bahrain,2022-10-22,2022,10,22
UYR76619,BA.5.2.6,7093,Bahrain,2022-10-23,2022,10,23
UXW68592,BA.2.75.1,7093,Bahrain,2022-09-15,2022,9,15
UXW68807,BA.2.75,7093,Bahrain,2022-09-29,2022,9,29
UWX76238,BA.5.2,7093,Bahrain,2022-09-12,2022,9,12
UWX77017,BF.11,7093,Bahrain,2022-09-13,2022,9,13
UWE21397,BA.5.2,7093,Bahrain,2022-08-24,2022,8,24
UWE21409,BA.5.1,7090,Bahrain,2022-08-24,2022,8,24
UWE21608,BA.5.2.28,7093,Bahrain,2022-01-09,2022,1,9
UWE21677,BA.2.75,7093,Bahrain,2022-08-31,2022,8,31
UWE21689,BA.5.2,7093,Bahrain,2022-01-09,2022,1,9
UVJ48492,BA.5.2.1,7093,Bahrain,2022-08-21,2022,8,21
UVJ48924,BA.5.6,7093,Bahrain,2022-08-18,2022,8,18
UVJ49269,BA.5.3.1,7093,Bahrain,2022-08-18,2022,8,18
UVC55855,BE.1.1,7093,Bahrain,2022-08-12,2022,8,12
UUQ76957,BA.5.3.1,7093,Bahrain,2022-07-28,2022,7,28
UUQ76981,BA.5.2,7093,Bahrain,2022-07-27,2022,7,27
UUQ77041,BA.5.1,7093,Bahrain,2022-07-17,2022,7,17
UUQ77113,BA.5.2.1,7093,Bahrain,2022-07-26,2022,7,26
UUF82807,BA.2.79,7093,Bahrain,2022-07-14,2022,7,14
UUF82867,BA.4,7090,Bahrain,2022-07-16,2022,7,16
UTO31345,BF.5,7093,Bahrain,2022-07-12,2022,7,12
UTC41684,BA.2.40.1,7093,Bahrain,2022-06-15,2022,6,15
UTC41934,BA.5.2,7093,Bahrain,2022-06-30,2022,6,30
UTC41994,BF.5,7093,Bahrain,2022-06-30,2022,6,30
UTC42252,BA.5.2.1,7093,Bahrain,2022-06-13,2022,6,13
UTC42347,BA.2,7092,Bahrain,2022-06-25,2022,6,25
URJ21992,BA.2,7093,Bahrain,2022-05-23,2022,5,23
URH67884,BA.5.2.1,7093,Bahrain,2022-05-14,2022,5,14
URH67932,BA.5.2,7093,Bahrain,2022-05-14,2022,5,14
URH68220,BA.4,7090,Bahrain,2022-05-11,2022,5,11
URH69034,BA.2.40.1,7093,Bahrain,2022-05-13,2022,5,13
URH69438,BA.2.12.1,7090,Bahrain,2022-05-12,2022,5,12
URH69603,BA.2.32,7093,Bahrain,2022-05-16,2022,5,16
URH69686,BA.2.79,7093,Bahrain,2022-05-14,2022,5,14
URH70502,BA.2.10,7093,Bahrain,2022-05-15,2022,5,15
URH70562,BA.2.3,7091,Bahrain,2022-05-14,2022,5,14
URH71615,BA.5.1,7093,Bahrain,2022-05-18,2022,5,18
URD32981,BA.2,7093,Bahrain,2022-02-16,2022,2,16
URD33101,BA.1.17.2,7092,Bahrain,2022-02-18,2022,2,18
URD33124,BA.2.10,7093,Bahrain,2022-02-16,2022,2,16
URD33232,BA.1.1,7092,Bahrain,2022-02-17,2022,2,17
URD33421,BA.2.3,7093,Bahrain,2022-02-16,2022,2,16
URD33501,BA.1.1.1,7092,Bahrain,2022-02-20,2022,2,20
URD33893,BA.2.36,7093,Bahrain,2022-02-21,2022,2,21
UPX34567,BA.1.1,7092,Bahrain,2022-01-23,2022,1,23
UPX34651,BA.1.19,7092,Bahrain,2022-01-24,2022,1,24
UPX34675,BA.1.17.2,7092,Bahrain,2022-01-25,2022,1,25
UPX34723,BA.2,7093,Bahrain,2022-01-25,2022,1,25
UPX44292,BA.2.5,7093,Bahrain,2022-02-07,2022,2,7
UPX44532,B.1.1.529,7093,Bahrain,2022-02-07,2022,2,7
UPX71831,BA.1.13.1,7092,Bahrain,2022-02-24,2022,2,24
UPX71891,BA.1,7092,Bahrain,2022-02-07,2022,2,7
UPQ57972,BA.1.17.2,7092,Bahrain,2022-04-12,2022,4,12
UPQ58092,BA.2,7093,Bahrain,2022-04-14,2022,4,14
UPQ58941,BA.2.1,7093,Bahrain,2022-04-14,2022,4,14
UPQ59013,BA.2.12.1,7093,Bahrain,2022-04-14,2022,4,14
UPQ61426,BA.2.5,7093,Bahrain,2022-04-20,2022,4,20
UOM38593,BA.2.10.1,7093,Bahrain,2022-02-07,2022,2,7
UOM39071,BA.2.4,7093,Bahrain,2022-02-20,2022,2,20
UOM39371,BA.2.1,7090,Bahrain,2022-02-16,2022,2,16
UOH85596,BA.2.10,7093,Bahrain,2022-01-24,2022,1,24
UOH85692,BA.2.5,7093,Bahrain,2022-01-24,2022,1,24
UOH85788,BA.1.17,7092,Bahrain,2022-01-24,2022,1,24
UOH86004,B.1.1.529,7093,Bahrain,2022-01-25,2022,1,25
UOE97045,BA.1.17,7092,Bahrain,2022-02-04,2022,2,4
UOE98804,BA.1.1.2,7092,Bahrain,2022-02-07,2022,2,7
UNZ79965,BA.2,7093,Bahrain,2022-03-26,2022,3,26
UNZ80444,BA.2.56,7093,Bahrain,2022-03-20,2022,3,20
UNW69224,BA.2.3,7093,Bahrain,2022-03-20,2022,3,20
UNW72175,BA.2.10.2,7093,Bahrain,2022-02-18,2022,2,18
UNX39804,BA.2.10,7090,Bahrain,2022-03-02,2022,3,2
UNT47176,BA.2.5,7093,Bahrain,2022-03-01,2022,3,1
UNT47283,BA.1.1,7092,Bahrain,2022-03-01,2022,3,1
UNF18456,BA.1.19,7092,Bahrain,2022-02-22,2022,2,22
UNF18656,BA.2.37,7093,Bahrain,2022-02-22,2022,2,22
UNF19295,BA.2.12.1,7093,Bahrain,2022-02-22,2022,2,22
ULV13125,B.1.1,7092,Bahrain,2022-02-03,2022,2,3
ULV13963,BA.1.14,7092,Bahrain,2022-02-03,2022,2,3
ULV25726,BA.2.58,7093,Bahrain,2022-02-17,2022,2,17
ULV36043,BA.1.15,7092,Bahrain,2022-02-18,2022,2,18
ULV36975,BA.2.12,7093,Bahrain,2022-02-18,2022,2,18
ULV37332,BA.1.18,7092,Bahrain,2022-02-18,2022,2,18
ULV37606,BA.2.9,7093,Bahrain,2022-02-18,2022,2,18
UIZ01212,BA.1,7092,Bahrain,2022-01-03,2022,1,3
UIY84506,BA.1.17.2,7092,Bahrain,2021-12-27,2021,12,27
UIY84542,BA.1.1,7092,Bahrain,2021-12-27,2021,12,27
UIT09596,AY.122,7096,Bahrain,2021-12-18,2021,12,18
UIT09849,AY.3.4,7096,Bahrain,2021-12-18,2021,12,18
UIT10168,BA.1,7092,Bahrain,2021-12-18,2021,12,18
UHW30958,AY.4,7096,Bahrain,2021-12-15,2021,12,15
UHW31268,B.1.1,7096,Bahrain,2021-12-15,2021,12,15
UHW31554,AY.106,7096,Bahrain,2021-12-15,2021,12,15
UHU36804,AY.112,7095,Bahrain,2021-12-08,2021,12,8
UHU36863,AY.39,7096,Bahrain,2021-12-08,2021,12,8
UHU36887,AY.104,7096,Bahrain,2021-12-08,2021,12,8
UHU36980,B.1.617.2,7096,Bahrain,2021-12-08,2021,12,8
UHU37145,AY.43,7096,Bahrain,2021-12-08,2021,12,8
UHU37168,AY.98,7096,Bahrain,2021-12-08,2021,12,8
UHU37286,AY.4.5,7096,Bahrain,2021-12-08,2021,12,8
UHU37346,AY.127,7096,Bahrain,2021-12-08,2021,12,8
UHU37439,AY.65,7096,Bahrain,2021-12-08,2021,12,8
UHU37545,AY.33,7096,Bahrain,2021-12-08,2021,12,8
UHU37760,AY.125,7096,Bahrain,2021-12-08,2021,12,8
UHU58931,BA.1.17,7092,Bahrain,2021-12-10,2021,12,10
UHU61092,AY.112,7096,Bahrain,2021-11-30,2021,11,30
UHU61246,AY.3.4,7096,Bahrain,2021-11-30,2021,11,30
UHU61330,B.1.617.2,7093,Bahrain,2021-11-30,2021,11,30
UGV90954,AY.112.2,7096,Bahrain,2021-12-01,2021,12,1
UGV91134,AY.25,7096,Bahrain,2021-12-01,2021,12,1
UFT55387,AY.122,7096,Bahrain,2021-11-27,2021,11,27
UFT55410,AY.127,7096,Bahrain,2021-11-27,2021,11,27
UFT55434,AY.125,7096,Bahrain,2021-11-27,2021,11,27
UFT55446,AY.46.6,7096,Bahrain,2021-11-27,2021,11,27
UFT55458,AY.39,7096,Bahrain,2021-11-27,2021,11,27
UFT55482,AY.25,7096,Bahrain,2021-11-27,2021,11,27
UFT55518,AY.112.2,7096,Bahrain,2021-11-27,2021,11,27
UFT55530,AY.4,7096,Bahrain,2021-11-27,2021,11,27
UFT55566,AY.25.1,7096,Bahrain,2021-11-28,2021,11,28
UFT55578,AY.121,7096,Bahrain,2021-11-28,2021,11,28
UFT55602,AY.4.5,7096,Bahrain,2021-11-28,2021,11,28
UFT55746,AY.126,7093,Bahrain,2021-11-28,2021,11,28
UFT55804,AY.43,7096,Bahrain,2021-11-29,2021,11,29
UFT55899,AY.4.9,7096,Bahrain,2021-11-29,2021,11,29
UFS46920,AY.33,7096,Bahrain,2021-11-24,2021,11,24
UFS47112,AY.65,7096,Bahrain,2021-11-27,2021,11,27
UFS47374,AY.34.2,7096,Bahrain,2021-11-26,2021,11,26
UFS47589,AY.106,7096,Bahrain,2021-11-23,2021,11,23
UFS48080,AY.34,7096,Bahrain,2021-11-26,2021,11,26
UFS48116,AY.127.1,7096,Bahrain,2021-11-26,2021,11,26
UEA14865,B.1.617.2,7096,Bahrain,2021-10-30,2021,10,30
UAU32098,B.1.617.2,7096,Bahrain,2021-09-06,2021,9,6
QZK38365,B.1.1.7,7093,Bahrain,2021-08-16,2021,8,16
QYU37211,B.1.617.2,7093,Bahrain,2021-07-27,2021,7,27
QYU37574,B.1.617.2,7093,Bahrain,2021-08-01,2021,8,1
QYU37716,B.1.1.7,7093,Bahrain,2021-07-28,2021,7,28
QYF68600,AY.65,7096,Bahrain,2021-06-26,2021,6,26
QYE53738,C.36.3,7096,Bahrain,2021-07-19,2021,7,19
QXI80075,B.1.1.7,7093,Bahrain,2021-05-06,2021,5,6
QXC89040,B.1.1.7,7093,Bahrain,2021-04-26,2021,4,26
QXC95489,B.1.1,7096,Bahrain,2021-05-05,2021,5,5
QXD03674,B.1.1.7,7093,Bahrain,2021-06-11,2021,6,11
QXD03863,B.1.466.2,7096,Bahrain,2021-05-27,2021,5,27
QWW27198,A.28,7096,Bahrain,2021-02-14,2021,2,14
QWA53536,A.28,7096,Bahrain,2021-05-04,2021,5,4
QUF59081,B.1.617,7096,Bahrain,2021-04-12,2021,4,12
QTY72967,B.1.1,7096,Bahrain,2021-04-05,2021,4,5
QTY73130,B.1.1,7096,Bahrain,2021-03-17,2021,3,17
QTY73340,C.17,7096,Bahrain,2021-04-10,2021,4,10
QTX93685,B.1.1.7,7093,Bahrain,2021-03-21,2021,3,21
QSN65234,AE.4,7096,Bahrain,2021-02-21,2021,2,21
QSN65246,B.1.1.7,7093,Bahrain,2021-02-23,2021,2,23
QSN65318,B.1.1.25,7096,Bahrain,2021-02-19,2021,2,19
QSN65354,C.36,7096,Bahrain,2021-01-19,2021,1,19
QSN65482,C.16,7096,Bahrain,2021-02-13,2021,2,13
QSN65506,B.1.1,7096,Bahrain,2021-02-25,2021,2,25
QSN65566,B.1.560,7094,Bahrain,2021-02-17,2021,2,17
QSN65662,B.1.1.25,7096,Bahrain,2021-01-10,2021,1,10
QSN65674,B.1.1.7,7093,Bahrain,2021-01-27,2021,1,27
QSN65710,C.17,7096,Bahrain,2020-12-22,2020,12,22
QSN65722,AE.6,7096,Bahrain,2020-12-17,2020,12,17
QSB47309,B.1.36.31,7096,Bahrain,2020-12-12,2020,12,12
QSB46255,B.1.1.306,7096,Bahrain,2020-08-22,2020,8,22
QSB46267,B.1.1.306,7096,Bahrain,2020-09-01,2020,9,1
QSB46279,B.1.1.306,7096,Bahrain,2020-06-28,2020,6,28
QSB46291,AE.7,7096,Bahrain,2020-09-04,2020,9,4
QPN97028,B.1.1.326,7096,Bahrain,2020-11-16,2020,11,16
QPN97040,AE.4,7096,Bahrain,2020-11-16,2020,11,16
QPN97052,B.1.36,7096,Bahrain,2020-11-15,2020,11,15
QPN97064,B.1.1.1,7096,Bahrain,2020-11-12,2020,11,12
QPN97076,B.1.281,7096,Bahrain,2020-11-15,2020,11,15
QPN97100,AE.6,7096,Bahrain,2020-11-12,2020,11,12
QPN02401,B.1.281,7096,Bahrain,2020-09-14,2020,9,14
QPN02413,AE.6,7096,Bahrain,2020-10-26,2020,10,26
QPN02461,AE.4,7096,Bahrain,2020-10-13,2020,10,13
QPN02473,B.1.1.306,7096,Bahrain,2020-10-11,2020,10,11
QPN02497,B.1.281,7096,Bahrain,2020-10-11,2020,10,11
QPN02521,AE.2,7096,Bahrain,2020-10-13,2020,10,13
QPN06334,AE.2,7096,Bahrain,2020-11-11,2020,11,11
QPN06394,B.1.1,7096,Bahrain,2020-11-21,2020,11,21
QPM28070,AE.7,7096,Bahrain,2020-10-13,2020,10,13
QPM28130,AE.7,7096,Bahrain,2020-11-10,2020,11,10
QPM28202,AE.2,7096,Bahrain,2020-09-10,2020,9,10
QPM28262,B.1.1.216,7096,Bahrain,2020-11-16,2020,11,16
QPM28310,B.1.1.27,7096,Bahrain,2020-11-11,2020,11,11
QPM28322,B.1.146,7096,Bahrain,2020-11-11,2020,11,11
QPL23937,B.1.1.25,7096,Bahrain,2020-11-22,2020,11,22
QPB18002,B.1.1,7096,Bahrain,2020-10-02,2020,10,2
QOY98737,B.1.281,7096,Bahrain,2020-07-05,2020,7,5
QOY98761,B.1.281,7096,Bahrain,2020-08-25,2020,8,25
QOY98785,B.1.281,7096,Bahrain,2020-06-19,2020,6,19
QOY98797,B.1,7096,Bahrain,2020-06-21,2020,6,21
QOY98809,B.1,7096,Bahrain,2020-07-26,2020,7,26
QOZ00130,B.1.1.306,7096,Bahrain,2020-05-31,2020,5,31
QOY79249,AE.2,7096,Bahrain,2020-08-25,2020,8,25
QOY79261,AE.7,7096,Bahrain,2020-07-09,2020,7,9
QLL26044,B.4.7,7096,Bahrain,2020-06-23,2020,6,23
QLG77320,B.1.1,7096,Bahrain,2020-06-24,2020,6,24
QLG69197,AE.2,7096,Bahrain,2020-06-23,2020,6,23
QLG69221,AE.4,7096,Bahrain,2020-06-23,2020,6,23
OQ050243,B.1.525,29835,Nigeria,2021-02-15,2021,2,15
OQ050252,B.1.525,29854,Nigeria,2021-01-17,2021,1,17
OQ050253,L.3,29836,Nigeria,2021-01-14,2021,1,14
OQ050286,B.1.525,29820,Nigeria,2021-04-16,2021,4,16
OQ050297,B.1.1,29859,Nigeria,2020-06-01,2020,6,1
OQ050299,A,29846,Nigeria,2020-03-29,2020,3,29
OQ050304,B.1.525,29784,Nigeria,2021-03-15,2021,3,15
OQ050358,B.1,29832,Nigeria,2020-05-12,2020,5,12
OQ050373,B.1,29784,Nigeria,2020-06-10,2020,6,10
OQ050379,B.1.1.1,29848,Nigeria,2020-06-09,2020,6,9
OQ050380,B.40,29870,Nigeria,2020-03-21,2020,3,21
OQ050386,B.1,29897,Nigeria,2020-03-25,2020,3,25
OQ050387,B.1,29840,Nigeria,2021-06-28,2021,6,28
OQ050388,B.1,29856,Nigeria,2021-07-10,2021,7,10
OQ050390,B.1.1,29872,Nigeria,2020-04-18,2020,4,18
OQ050391,B.1.336,29894,Nigeria,2020-06-10,2020,6,10
OQ050408,B.1.1.71,29844,Nigeria,2020-06-16,2020,6,16
OQ050415,B.1.1,29831,Nigeria,2020-05-04,2020,5,4
OQ050417,B.1.462,29899,Nigeria,2020-04-20,2020,4,20
OQ050420,B.1.1.484,29897,Nigeria,2020-06-01,2020,6,1
OQ050421,B.1.467,29897,Nigeria,2020-06-02,2020,6,2
OQ050423,B.1.1.484,29899,Nigeria,2020-05-31,2020,5,31
OQ050425,B.1.467,29836,Nigeria,2020-07-05,2020,7,5
OQ050426,B.1.462,29897,Nigeria,2020-07-02,2020,7,2
OQ050427,B.1.1,29897,Nigeria,2020-07-07,2020,7,7
OQ050429,L.3,29897,Nigeria,2020-07-08,2020,7,8
OQ050432,B.1,29792,Nigeria,2020-04-10,2020,4,10
OQ050434,B.1.1.487,29899,Nigeria,2020-04-25,2020,4,25
OQ050435,B.1.8,29862,Nigeria,2020-04-20,2020,4,20
OQ050443,B.40,29897,Nigeria,2020-04-05,2020,4,5
OQ050444,B.40,29898,Nigeria,2020-05-14,2020,5,14
OQ050450,B.1.1.10,29893,Nigeria,2020-06-29,2020,6,29
OQ050453,B.1.1.1,29890,Nigeria,2020-07-12,2020,7,12
OQ050454,B.1,29854,Nigeria,2020-07-20,2020,7,20
OQ050455,B.1.1.10,29877,Nigeria,2020-07-25,2020,7,25
OQ050456,A,29845,Nigeria,2020-04-23,2020,4,23
OQ050460,B.1.462,29862,Nigeria,2020-05-02,2020,5,2
OQ050470,B.1.1.487,29897,Nigeria,2020-07-08,2020,7,8
OQ050472,B.1.1,29896,Nigeria,2020-08-03,2020,8,3
OQ050473,B.1.1.254,29871,Nigeria,2020-08-04,2020,8,4
OQ050476,B.1.336,29889,Nigeria,2020-08-31,2020,8,31
OQ050477,B.1.336,29856,Nigeria,2020-09-01,2020,9,1
OQ050480,B.1.1,29847,Nigeria,2020-10-05,2020,10,5
OQ050510,A,29875,Nigeria,2020-05-08,2020,5,8
OQ050512,B.1.467,29849,Nigeria,2020-05-17,2020,5,17
OQ050518,B.1.462,29839,Nigeria,2020-06-01,2020,6,1
OQ050526,B.1.1.484,29834,Nigeria,2020-07-01,2020,7,1
OQ050546,B.1,29819,Nigeria,2020-08-17,2020,8,17
OQ050558,B.1.1.10,29885,Nigeria,2020-05-24,2020,5,24
OQ050563,B.1.22,29897,Nigeria,2020-05-11,2020,5,11
OQ050575,L.3,29854,Nigeria,2020-08-06,2020,8,6
OQ050578,L.3,29882,Nigeria,2020-09-05,2020,9,5
OQ050579,B.1.1.487,29815,Nigeria,2020-05-09,2020,5,9
OQ050581,L.3,29831,Nigeria,2020-11-15,2020,11,15
OQ050582,B.1.1.487,29858,Nigeria,2020-11-17,2020,11,17
OQ050588,B.1.1,29731,Nigeria,2020-12-01,2020,12,1
OQ050589,L.3,29790,Nigeria,2020-12-03,2020,12,3
OQ050591,B.1,29834,Nigeria,2020-12-03,2020,12,3
OQ050596,B.1.1.10,29799,Nigeria,2020-12-11,2020,12,11
OQ050598,B.1.1.487,29865,Nigeria,2020-12-23,2020,12,23
OQ050603,B.1.336,29898,Nigeria,2020-05-16,2020,5,16
OQ050605,B.1.525,29812,Nigeria,2020-12-29,2020,12,29
OQ050641,B.1.1,29900,Nigeria,2021-01-13,2021,1,13
OQ050645,B.1.177,29841,Nigeria,2020-11-25,2020,11,25
OQ050650,R.1,29859,Nigeria,2020-12-18,2020,12,18
OQ050745,B.1,29820,Nigeria,2021-01-05,2021,1,5
OQ050848,B.1.1.487,29833,Nigeria,2021-01-09,2021,1,9
OQ050876,A.21,29850,Nigeria,2021-07-29,2021,7,29
OQ050880,AY.36,29847,Nigeria,2021-08-02,2021,8,2
OQ050881,AY.36,29842,Nigeria,2021-07-02,2021,7,2
OQ050891,B.1.1.404,29860,Nigeria,2021-07-29,2021,7,29
OQ050980,AY.109,29843,Nigeria,2021-08-13,2021,8,13
OQ050984,B.1.617.2,29842,Nigeria,2021-08-13,2021,8,13
OQ050999,AY.6,29844,Nigeria,2021-08-14,2021,8,14
OQ051032,AY.109,29835,Nigeria,2021-07-15,2021,7,15
OQ051125,B.1.617.2,29799,Nigeria,2021-07-27,2021,7,27
OQ051139,AY.1,29838,Nigeria,2021-07-27,2021,7,27
OQ051155,AY.99,29839,Nigeria,2021-08-03,2021,8,3
OQ051172,AY.112,29830,Nigeria,2021-08-07,2021,8,7
OQ051343,AY.75,29803,Nigeria,2021-06-30,2021,6,30
OQ051347,AY.99,29844,Nigeria,2021-07-30,2021,7,30
OQ051801,AY.36,29816,Nigeria,2021-06-10,2021,6,10
OQ051803,AY.36,29816,Nigeria,2021-09-06,2021,9,6
OQ051819,AY.99,29810,Nigeria,2021-09-03,2021,9,3
OQ051823,AY.109,29816,Nigeria,2021-09-09,2021,9,9
OQ051847,AY.36,29799,Nigeria,2021-10-01,2021,10,1
OQ051891,AY.36,29816,Nigeria,2021-11-10,2021,11,10
OQ051984,AY.109,29816,Nigeria,2021-10-02,2021,10,2
OQ052052,B.1.617.2,29803,Nigeria,2021-09-06,2021,9,6
OQ052152,AY.122,29804,Nigeria,2021-08-30,2021,8,30
OQ052512,BA.1.17.2,29796,Nigeria,2021-12-19,2021,12,19
OQ052514,BA.1,29786,Nigeria,2021-12-22,2021,12,22
OQ052520,BA.1.15,29797,Nigeria,2021-12-17,2021,12,17
OQ052530,BA.1.1,29788,Nigeria,2021-12-20,2021,12,20
OQ052531,BA.1.14,29797,Nigeria,2021-12-15,2021,12,15
OQ052586,B.1.1.529,29803,Nigeria,2021-12-18,2021,12,18
OQ052635,BA.1.1.14,29791,Nigeria,2021-12-16,2021,12,16
OQ052667,AY.109,29814,Nigeria,2021-11-09,2021,11,9
OQ052670,BA.1.1.7,29788,Nigeria,2021-12-12,2021,12,12
OQ052729,BA.1.17,29794,Nigeria,2021-12-05,2021,12,5
OQ052758,AY.36,29816,Nigeria,2021-12-17,2021,12,17
OQ052809,B.1.525,29746,Nigeria,2021-07,2021,7,1
OQ052863,BA.1.1,29752,Nigeria,2022-01-08,2022,1,8
OL601549,B.1.1.7,29762,Nigeria,2021-01-10,2021,1,10
OL601627,B.1.1.71,29781,Nigeria,2020-07-15,2020,7,15
OL601709,B.1.1.7,29758,Nigeria,2021-02-02,2021,2,2
OL601742,L.3,29778,Nigeria,2021-02-05,2021,2,5
OL601843,B.1.1.7,29762,Nigeria,2021-03-01,2021,3,1
MT994707,B.1.1.487,29777,Nigeria,2020-03-22,2020,3,22
OQ521671,P.1.4,29810,Brazil,2021-07-02,2021,7,2
OQ521672,P.1.6,29810,Brazil,2021-07-02,2021,7,2
OQ521675,P.1.6,29776,Brazil,2021-08-23,2021,8,23
OQ521687,P.1.4,29777,Brazil,2021-09-03,2021,9,3
OQ521691,AY.99.2,29818,Brazil,2021-08-24,2021,8,24
OQ521692,AY.99.2,29812,Brazil,2021-09-02,2021,9,2
OQ521698,P.1,29819,Brazil,2021-07-14,2021,7,14
OQ521700,P.1.4,29825,Brazil,2021-08-25,2021,8,25
OQ521705,AY.122,29806,Brazil,2021-09-15,2021,9,15
OQ521737,P.1.12,29819,Brazil,2021-08-03,2021,8,3
OQ521779,P.1.6,29807,Brazil,2021-09-06,2021,9,6
OQ521783,P.1.5,29813,Brazil,2021-07-02,2021,7,2
OQ521788,P.1,29819,Brazil,2021-09-09,2021,9,9
OQ521807,P.1,29826,Brazil,2021-08-23,2021,8,23
OQ521817,AY.9.2,29806,Brazil,2021-09-01,2021,9,1
OQ521898,AY.43.1,29769,Brazil,2021-08-25,2021,8,25
OQ521912,P.1.12,29810,Brazil,2021-07-12,2021,7,12
OQ521940,AY.99.2,29817,Brazil,2021-07-21,2021,7,21
OQ521974,B.1.617.2,29811,Brazil,2021-08-24,2021,8,24
OQ522115,AY.6,29802,Brazil,2021-09-02,2021,9,2
OQ522126,AY.101,29805,Brazil,2021-09-08,2021,9,8
OQ522601,P.1.7.1,29811,Brazil,2021-07-23,2021,7,23
OQ522688,P.1.7,29807,Brazil,2021-08-25,2021,8,25
OQ522716,P.1.6,29811,Brazil,2021-10-01,2021,10,1
OQ522729,AY.4,29799,Brazil,2021-09-20,2021,9,20
OQ522731,AY.116,29803,Brazil,2021-09-23,2021,9,23
OQ522760,AY.43.8,29769,Brazil,2021-09-20,2021,9,20
OQ522770,AY.99.2,29799,Brazil,2021-10-04,2021,10,4
OQ522782,AY.34.1.1,29809,Brazil,2021-10-13,2021,10,13
OQ522785,AY.122,29802,Brazil,2021-10-07,2021,10,7
OQ522790,P.1.4,29801,Brazil,2021-10-08,2021,10,8
OQ522793,AY.101,29813,Brazil,2021-10-13,2021,10,13
OQ522803,AY.119.1,29799,Brazil,2021-10-04,2021,10,4
OQ522829,AY.9.2,29813,Brazil,2021-10-11,2021,10,11
OQ522833,P.1.7,29810,Brazil,2021-10-02,2021,10,2
OQ522894,AY.43,29799,Brazil,2021-10-21,2021,10,21
OQ522899,AY.43.8,29799,Brazil,2021-10-28,2021,10,28
OQ522909,P.1.7.1,29777,Brazil,2021-10-22,2021,10,22
OQ522931,AY.20,29792,Brazil,2021-10-17,2021,10,17
OQ522945,B.1.617.2,29769,Brazil,2021-10-19,2021,10,19
OQ522967,AY.101,29769,Brazil,2021-11-01,2021,11,1
OQ522971,AY.43,29799,Brazil,2021-11-01,2021,11,1
OQ522972,AY.99.2,29769,Brazil,2021-11-01,2021,11,1
OQ522973,AY.122,29799,Brazil,2021-11-02,2021,11,2
OQ522976,AY.43.8,29800,Brazil,2021-11-02,2021,11,2
OQ522981,AY.9.2,29800,Brazil,2021-11-03,2021,11,3
OQ522994,P.1.6,29777,Brazil,2021-11-03,2021,11,3
OQ523002,AY.119,29799,Brazil,2021-11-04,2021,11,4
OQ523051,AY.42,29802,Brazil,2021-11-08,2021,11,8
OQ523052,AY.20,29769,Brazil,2021-11-08,2021,11,8
OQ523174,AY.34.1.1,29775,Brazil,2021-11-22,2021,11,22
OQ523260,AY.9.2,29792,Brazil,2021-12-01,2021,12,1
OQ523262,AY.99.2,29804,Brazil,2021-12-01,2021,12,1
OQ523267,AY.122,29795,Brazil,2021-12-01,2021,12,1
OQ523310,AY.43,29764,Brazil,2021-12-08,2021,12,8
OQ523335,AY.101,29764,Brazil,2021-12-10,2021,12,10
OQ523378,AY.43.8,29794,Brazil,2021-12-07,2021,12,7
OQ523437,BA.1,29747,Brazil,2022-01-05,2022,1,5
OQ523438,AY.42,29764,Brazil,2021-12-20,2021,12,20
OQ523440,BA.1,29747,Brazil,2021-12-21,2021,12,21
OQ523442,BA.1.15,29747,Brazil,2021-12-27,2021,12,27
OQ523445,BA.1.14,29747,Brazil,2021-12-28,2021,12,28
OQ523452,BA.1.1,29744,Brazil,2021-12-30,2021,12,30
OQ523608,BA.1.14.1,29786,Brazil,2021-12-31,2021,12,31
OQ523610,BA.1.1.14,29786,Brazil,2021-12-31,2021,12,31
OQ523619,BA.1.14,29783,Brazil,2022-01-02,2022,1,2
OQ523621,BA.1.14.1,29786,Brazil,2022-01-02,2022,1,2
OQ523623,BA.1.15,29786,Brazil,2022-01-02,2022,1,2
OQ523624,BA.1.1,29786,Brazil,2022-01-02,2022,1,2
OQ523627,AY.9.2,29796,Brazil,2022-01-02,2022,1,2
OQ523628,AY.99.2,29803,Brazil,2022-01-02,2022,1,2
OQ523634,BA.1.9,29777,Brazil,2022-01-03,2022,1,3
OQ523635,BA.1.1.15,29777,Brazil,2022-01-03,2022,1,3
OQ523643,BA.1.14.2,29786,Brazil,2022-01-03,2022,1,3
OQ523661,AY.43,29791,Brazil,2022-01-03,2022,1,3
OQ523694,BA.1.17.2,29780,Brazil,2022-01-04,2022,1,4
OQ523729,AY.122,29789,Brazil,2022-01-04,2022,1,4
OQ523867,BA.1.1.14,29774,Brazil,2022-01-06,2022,1,6
OQ524056,BA.1.17,29785,Brazil,2022-01-07,2022,1,7
OQ524072,BA.1.5,29786,Brazil,2022-01-07,2022,1,7
OQ524173,AY.43.8,29805,Brazil,2022-01-07,2022,1,7
OQ524267,BA.1.18,29788,Brazil,2022-01-10,2022,1,10
OQ524368,BA.1.16,29790,Brazil,2022-01-11,2022,1,11
OQ524481,BA.1.1.18,29788,Brazil,2022-01-13,2022,1,13
OQ524530,BA.1.20,29784,Brazil,2021-12-27,2021,12,27
OQ524545,AY.20,29810,Brazil,2021-12-20,2021,12,20
OQ524548,BA.1.1.15,29786,Brazil,2021-12-26,2021,12,26
OQ524766,AY.103,29807,Brazil,2022-01-10,2022,1,10
OQ525513,AY.42,29802,Brazil,2022-01-25,2022,1,25
OQ430686,B.1,29835,Brazil,2020-03-23,2020,3,23
OQ430687,A.2,29846,Brazil,2020,2020,1,1
OQ430688,P.1,29874,Brazil,2020-04-29,2020,4,29
OQ430689,B.1.1.33,29835,Brazil,2020-04-05,2020,4,5
OQ430690,B.1.1.28,29852,Brazil,2020,2020,1,1
OQ430691,B.1.1.33,29841,Brazil,2020-07-16,2020,7,16
OQ430695,A.2,29855,Brazil,2020-08-04,2020,8,4
OQ430696,B.1.1.28,29834,Brazil,2020-08-06,2020,8,6
OQ430697,B.1.1.33,29845,Brazil,2020,2020,1,1
OQ048259,B.1,29895,Brazil,2020-08-10,2020,8,10
OK235464,P.1,29868,Brazil,2021-02-22,2021,2,22
OP898610,P.1.14,29645,Brazil,2021-08-06,2021,8,6
OP898653,AY.101,29780,Brazil,2021-08-08,2021,8,8
OP898766,AY.43.1,29800,Brazil,2021-09-01,2021,9,1
OP898790,AY.36,29806,Brazil,2021-09-01,2021,9,1
OP898792,AY.34.1,29809,Brazil,2021-09-01,2021,9,1
OP898894,AY.46.3,29786,Brazil,2021-09-04,2021,9,4
OP899148,P.1.7,29808,Brazil,2021-09-13,2021,9,13
OP899196,AY.43,29814,Brazil,2021-09-09,2021,9,9
OL442124,P.2,29903,Brazil,2020-07-10,2020,7,10
OL442125,P.2,29903,Brazil,2020-08-03,2020,8,3
OL442126,P.2,29903,Brazil,2020-12-11,2020,12,11
OL442127,P.2,29903,Brazil,2020-10-09,2020,10,9
OL442129,P.2,29903,Brazil,2020-09-04,2020,9,4
OL442130,P.2,29903,Brazil,2020-11-19,2020,11,19
OL442131,B.1.1.28,29903,Brazil,2020-06-30,2020,6,30
OL442132,B.1.1.33,29903,Brazil,2020-08-20,2020,8,20
OL442134,B.1.1.28,29903,Brazil,2020-07-22,2020,7,22
OL442136,B.1.1.33,29903,Brazil,2020-12-15,2020,12,15
OL442141,B.1.1.28,29903,Brazil,2020-11-20,2020,11,20
OL442142,B.1.1.28,29903,Brazil,2020-10-05,2020,10,5
OL442145,B.1.1.28,29903,Brazil,2020-05-27,2020,5,27
OL442146,B.1.1,29903,Brazil,2020-12-18,2020,12,18
OL442147,B.1.1,29903,Brazil,2020-10-13,2020,10,13
OL442148,B.1.1.33,29903,Brazil,2020-09-04,2020,9,4
OL442149,B.1.1.33,29903,Brazil,2020-11-17,2020,11,17
OL442151,B.1.1.28,29903,Brazil,2020-12-14,2020,12,14
OL442153,P.1,29903,Brazil,2020-08-24,2020,8,24
OP647427,BA.2.10.1,29799,Brazil,2022-03-18,2022,3,18
OP647428,BA.1.1,29861,Brazil,2022-03-02,2022,3,2
OP647429,BA.1.14,29817,Brazil,2022-03-07,2022,3,7
OP647432,BA.1.15,29784,Brazil,2022-03-05,2022,3,5
OP647433,BA.1.17.2,29827,Brazil,2022-03-10,2022,3,10
OP647434,BA.2,29815,Brazil,2022-04-08,2022,4,8
OP647438,BA.1.9,29830,Brazil,2022-03-04,2022,3,4
OP647441,BA.1.1,29826,Brazil,2022-02-28,2022,2,28
OP647442,BA.1.1.1,29869,Brazil,2022-03-05,2022,3,5
OP647443,BA.1.14.1,29827,Brazil,2022-03-02,2022,3,2
OP647445,BA.2,29764,Brazil,2022-03-22,2022,3,22
OP647450,BA.1.9,29872,Brazil,2022-02-17,2022,2,17
OP647452,BA.1.14,29812,Brazil,2022-02-17,2022,2,17
OP647453,BA.1.15,29795,Brazil,2022-02-17,2022,2,17
OP647455,BA.1.14.2,29853,Brazil,2022-02-19,2022,2,19
OP647460,BA.1,29864,Brazil,2022-02-20,2022,2,20
OP647463,BA.1.14.1,29817,Brazil,2022-02-21,2022,2,21
OP647479,BA.1.18,29869,Brazil,2022-02-24,2022,2,24
OP647491,B.1.1,29828,Brazil,2022-02-25,2022,2,25
OP647494,BA.1,29861,Brazil,2022-03-01,2022,3,1
OP647499,B.1.1,29859,Brazil,2022-03-09,2022,3,9
OP647504,BA.1.1.18,29869,Brazil,2022-02-20,2022,2,20
OP647506,BA.1.14.2,29862,Brazil,2022-03-23,2022,3,23
OP647507,BA.1.1.14,29869,Brazil,2022-04-03,2022,4,3
OP107759,BA.5.1,29785,Brazil,2022-06-24,2022,6,24
OP107760,BA.4.1,29777,Brazil,2022-06-28,2022,6,28
OP107765,BA.5.2.1,29786,Brazil,2022-06-30,2022,6,30
OP107767,BF.41,29775,Brazil,2022-06-30,2022,6,30
OP107768,BA.5.1,29776,Brazil,2022-07-01,2022,7,1
OP107782,BA.5.3.1,29758,Brazil,2022-06-28,2022,6,28
OP107792,BA.2,29798,Brazil,2022-06-30,2022,6,30
OP107795,BA.5.6,29770,Brazil,2022-07-01,2022,7,1
OP107796,BA.5.2.1,29746,Brazil,2022-07-01,2022,7,1
OP107799,BA.2,29791,Brazil,2022-07-01,2022,7,1
OP107807,BA.4.1,29750,Brazil,2022-07-05,2022,7,5
OP107818,BA.5,29747,Brazil,2022-07-02,2022,7,2
OP060378,BA.2.9,29802,Brazil,2022-06-09,2022,6,9
OP060385,BA.2.23,29801,Brazil,2022-06-03,2022,6,3
OP060409,BA.2,29799,Brazil,2022-05-09,2022,5,9
OP060425,BA.2.81,29794,Brazil,2022-06-10,2022,6,10
OM188319,B.1.617.2,29402,Brazil,2021-07-01,2021,7,1
OM188323,AY.99,29409,Brazil,2021-07-26,2021,7,26
OM188330,B.1.1,29402,Brazil,2021-08-04,2021,8,4
OM188339,AY.99,29409,Brazil,2021-08-02,2021,8,2
OM188340,B.1.1,29402,Brazil,2021-07-16,2021,7,16
OM188346,AY.99.1,29402,Brazil,2021-07-16,2021,7,16
OL984053,B.1,29900,Brazil,2020-04-22,2020,4,22
ON574631,P.1,29811,Brazil,2021-05-14,2021,5,14
ON574637,P.1.10,29818,Brazil,2021-05-07,2021,5,7
ON574647,P.1.14,29808,Brazil,2021-05-04,2021,5,4
ON574719,P.1.7,29819,Brazil,2021-05-13,2021,5,13
ON574799,P.1.9,29819,Brazil,2021-05-11,2021,5,11
ON574931,P.1.2,29819,Brazil,2021-05-07,2021,5,7
ON575124,AY.53,29818,Brazil,2021-08-05,2021,8,5
ON575131,AY.20,29811,Brazil,2021-08-14,2021,8,14
ON575137,AY.94,29806,Brazil,2021-08-09,2021,8,9
ON575145,AY.25,29814,Brazil,2021-08-05,2021,8,5
ON575167,AY.46.3,29806,Brazil,2021-08-12,2021,8,12
ON575194,AY.122,29817,Brazil,2021-08-09,2021,8,9
ON575231,AY.100,29823,Brazil,2021-08-05,2021,8,5
ON575244,AY.43,29813,Brazil,2021-08-12,2021,8,12
ON575276,AY.36,29818,Brazil,2021-08-07,2021,8,7
ON575277,AY.43.2,29819,Brazil,2021-08-10,2021,8,10
ON575331,AY.34.1.1,29807,Brazil,2021-08-12,2021,8,12
ON575370,P.1.2,29816,Brazil,2021-08-05,2021,8,5
ON575388,P.1.15,29814,Brazil,2021-08-08,2021,8,8
ON575495,P.1.11,29829,Brazil,2021-08-13,2021,8,13
ON575512,P.1.9,29819,Brazil,2021-08-05,2021,8,5
ON575527,AY.34.1,29825,Brazil,2021-08-11,2021,8,11
ON575588,P.1.2,29830,Brazil,2021-07-10,2021,7,10
ON575592,AY.101,29821,Brazil,2021-07-07,2021,7,7
ON575604,AY.26,29818,Brazil,2021-07-30,2021,7,30
ON575639,P.1,29819,Brazil,2021-06-02,2021,6,2
ON575649,P.1.9,29816,Brazil,2021-07-07,2021,7,7
ON575728,P.1.7,29826,Brazil,2021-07-15,2021,7,15
ON575870,P.1.14,29831,Brazil,2021-07-12,2021,7,12
ON576024,P.1.14,29819,Brazil,2021-06-03,2021,6,3
ON576042,B.1.1.28,29816,Brazil,2021-06-14,2021,6,14
ON576056,P.1.7,29819,Brazil,2021-06-04,2021,6,4
ON576087,P.1.9,29819,Brazil,2021-06-01,2021,6,1
ON576094,P.1.17,29827,Brazil,2021-06-07,2021,6,7
ON576446,P.1.2,29827,Brazil,2021-06-03,2021,6,3
ON576485,P.1.4,29827,Brazil,2021-06-12,2021,6,12
ON576567,P.1.15,29818,Brazil,2021-06-02,2021,6,2
ON576680,P.1.10,29831,Brazil,2021-06-14,2021,6,14
ON576834,AY.99.2,29798,Brazil,2021-06-07,2021,6,7
ON577134,P.1.11,29829,Brazil,2021-07-01,2021,7,1
ON577145,P.1.10,29831,Brazil,2021-07-01,2021,7,1
ON577333,AY.46.3,29820,Brazil,2021-07-01,2021,7,1
ON577661,AY.26,29804,Brazil,2021-08-04,2021,8,4
ON577680,P.1.10,29828,Brazil,2021-08-10,2021,8,10
ON578006,AY.101,29819,Brazil,2021-06-15,2021,6,15
ON578097,AY.5.1,29805,Brazil,2021-08-13,2021,8,13
ON578133,AY.99.1,29813,Brazil,2021-08-03,2021,8,3
ON578191,AY.116,29813,Brazil,2021-08-09,2021,8,9
ON578793,AY.94,29813,Brazil,2021-09-03,2021,9,3
ON578846,AY.99.1,29811,Brazil,2021-09-03,2021,9,3
ON578897,AY.25,29817,Brazil,2021-09-03,2021,9,3
ON578905,AY.26,29823,Brazil,2021-09-06,2021,9,6
ON579089,AY.34.1.1,29821,Brazil,2021-09-01,2021,9,1
ON579126,AY.124,29820,Brazil,2021-09-08,2021,9,8
ON579127,AY.124.1,29815,Brazil,2021-09-09,2021,9,9
ON579172,AY.43.2,29819,Brazil,2021-09-01,2021,9,1
ON579192,AY.99,29821,Brazil,2021-09-03,2021,9,3
ON579206,AY.5,29807,Brazil,2021-09-13,2021,9,13
ON579247,AY.42,29807,Brazil,2021-09-09,2021,9,9
ON579521,AY.5.4,29813,Brazil,2021-09-09,2021,9,9
ON579645,B.1.617.2,29823,Brazil,2021-09-07,2021,9,7
ON579753,AY.36,29823,Brazil,2021-10-07,2021,10,7
ON579771,AY.116,29819,Brazil,2021-10-08,2021,10,8
ON579815,AY.99.1,29805,Brazil,2021-10-07,2021,10,7
ON579831,AY.43.2,29817,Brazil,2021-10-13,2021,10,13
ON579844,AY.26,29818,Brazil,2021-10-13,2021,10,13
ON579854,AY.43.1,29823,Brazil,2021-10-04,2021,10,4
ON579952,AY.47,29823,Brazil,2021-09-08,2021,9,8
ON579971,AY.103,29823,Brazil,2021-09-02,2021,9,2
ON580115,P.1.14,29823,Brazil,2021-09-14,2021,9,14
ON580143,AY.6,29815,Brazil,2021-10-15,2021,10,15
ON580170,AY.100,29823,Brazil,2021-10-07,2021,10,7
ON580187,AY.46.3,29811,Brazil,2021-10-01,2021,10,1
ON580239,AY.126,29819,Brazil,2021-10-15,2021,10,15
ON580447,AY.43.7,29802,Brazil,2021-10-15,2021,10,15
ON580659,P.1,29823,Brazil,2021-10-04,2021,10,4
ON580708,AY.34,29809,Brazil,2021-11-01,2021,11,1
ON580714,AY.43.2,29811,Brazil,2021-11-04,2021,11,4
ON580761,AY.99.1,29823,Brazil,2021-11-01,2021,11,1
ON580764,AY.43.1,29823,Brazil,2021-11-02,2021,11,2
ON581014,AY.4,29813,Brazil,2021-10-12,2021,10,12
ON581033,AY.44,29814,Brazil,2021-11-01,2021,11,1
ON581100,AY.4,29815,Brazil,2021-11-08,2021,11,8
ON581250,AY.42,29807,Brazil,2021-10-01,2021,10,1
ON581324,AY.46.3,29822,Brazil,2021-11-08,2021,11,8
ON581358,P.1.2,29825,Brazil,2021-10-01,2021,10,1
ON581360,AY.36,29823,Brazil,2021-11-03,2021,11,3
ON581388,AY.43.7,29817,Brazil,2021-11-03,2021,11,3
ON581426,P.1.7,29824,Brazil,2021-11-09,2021,11,9
ON581863,AY.116,29808,Brazil,2021-11-10,2021,11,10
ON581906,AY.47,29813,Brazil,2021-11-10,2021,11,10
ON581921,AY.100,29815,Brazil,2021-11-12,2021,11,12
ON581972,AY.119.1,29805,Brazil,2021-11-09,2021,11,9
ON581978,AY.6,29806,Brazil,2021-11-01,2021,11,1
ON581982,P.1.4,29813,Brazil,2021-11-08,2021,11,8
ON582175,AY.26,29805,Brazil,2021-11-07,2021,11,7
ON582433,AY.5,29823,Brazil,2021-11-10,2021,11,10
ON582540,AY.3,29800,Brazil,2021-10-01,2021,10,1
ON582574,AY.124,29811,Brazil,2021-11-01,2021,11,1
ON582687,AY.51,29823,Brazil,2021-11-08,2021,11,8
ON582696,AY.3,29808,Brazil,2021-11-12,2021,11,12
ON582933,AY.34.1.1,29812,Brazil,2021-12-09,2021,12,9
ON582947,AY.124,29811,Brazil,2021-12-02,2021,12,2
ON582950,AY.43.2,29818,Brazil,2021-12-01,2021,12,1
ON582958,AY.116,29820,Brazil,2021-12-14,2021,12,14
ON582960,AY.100,29791,Brazil,2021-12-02,2021,12,2
ON582972,AY.44,29787,Brazil,2021-12-11,2021,12,11
ON582973,AY.46.3,29805,Brazil,2021-12-09,2021,12,9
ON582999,AY.99.1,29798,Brazil,2021-12-02,2021,12,2
ON583000,AY.4,29803,Brazil,2021-12-02,2021,12,2
ON583008,AY.3,29625,Brazil,2021-12-14,2021,12,14
ON583083,AY.36,29795,Brazil,2021-12-09,2021,12,9
ON583088,AY.47,29786,Brazil,2021-12-02,2021,12,2
ON583189,BA.1.14.2,29780,Brazil,2021-12-20,2021,12,20
ON583206,AY.43.1,29803,Brazil,2021-12-14,2021,12,14
ON583215,AY.43.7,29795,Brazil,2021-12-03,2021,12,3
ON583280,AY.4.2,29788,Brazil,2021-12-09,2021,12,9
ON583291,AY.4.2.2,29794,Brazil,2021-12-02,2021,12,2
ON583299,B.1.617.2,29803,Brazil,2021-12-07,2021,12,7
ON583365,AY.39,29796,Brazil,2021-12-07,2021,12,7
ON583409,AY.126,29791,Brazil,2021-12-11,2021,12,11
ON583455,AY.25,29816,Brazil,2021-12-09,2021,12,9
ON583483,P.1,29824,Brazil,2021-12-13,2021,12,13
ON583525,AY.119.2,29797,Brazil,2021-12-13,2021,12,13
ON583553,AY.103,29814,Brazil,2021-12-10,2021,12,10
ON583561,BA.1.17.2,29805,Brazil,2021-12-14,2021,12,14
ON583611,BA.1.1.1,29799,Brazil,2021-12-04,2021,12,4
ON583648,AY.118,29804,Brazil,2021-12-06,2021,12,6
ON148312,P.1,29843,Brazil,2021-04-14,2021,4,14
OL989071,B.1.1,29903,Brazil,2021-02-01,2021,2,1
MW435551,B.1.1.28,29837,Brazil,2020-04-21,2020,4,21
MW495005,B.1.1.33,29887,Brazil,2020-03-16,2020,3,16
MZ477762,B.1.1.7,29724,Brazil,2021-03-03,2021,3,3
MZ477764,P.1,29737,Brazil,2021-03-05,2021,3,5
MZ477786,B.1.1.7,29724,Brazil,2021-04-10,2021,4,10
MZ477788,P.2,29865,Brazil,2021-04-09,2021,4,9
MZ477859,B.1.1.33,29783,Brazil,2020-06-04,2020,6,4
MZ419858,B.1,29903,Brazil,2020-05-05,2020,5,5
MZ419863,B,29903,Brazil,2020-04-22,2020,4,22
MZ419874,B.1.1.33,29888,Brazil,2020-05-14,2020,5,14
MZ477745,P.2,29744,Brazil,2021-03-03,2021,3,3
MZ191508,N.9,29870,Brazil,2020-12-09,2020,12,9
MZ264787,P.1,29866,Brazil,2020-12-21,2020,12,21
MZ169911,P.1.14,29903,Brazil,2021-02-19,2021,2,19
MZ169912,P.2,29903,Brazil,2021-02-26,2021,2,26
MT835383,B.1,29858,Brazil,2020-07-20,2020,7,20
MT738173,B.1.1.28,29873,Brazil,2020-03-20,2020,3,20
MT350282,B,29903,Brazil,2020-03-18,2020,3,18
MT126808,B,29876,Brazil,2020-02-28,2020,2,28
OM146070,P.1,29798,Chile,2021-08-08,2021,8,8
OM146071,P.1.15,29819,Chile,2021-08-08,2021,8,8
OM146079,C.37,29789,Chile,2021-08-06,2021,8,6
OM146084,P.1,29809,Chile,2021-09-21,2021,9,21
OM146091,AY.122.4,29814,Chile,2021-09-24,2021,9,24
OM146095,AY.101,29814,Chile,2021-09-26,2021,9,26
OM146096,AY.25.1,29813,Chile,2021-09-26,2021,9,26
OM146263,AY.25.1,29803,Chile,2021-10-12,2021,10,12
OM146266,AY.122.4,29813,Chile,2021-10-14,2021,10,14
OM146267,AY.100,29806,Chile,2021-10-11,2021,10,11
OM146269,AY.122,29811,Chile,2021-10-14,2021,10,14
OM146271,B.1.617.2,29811,Chile,2021-10-18,2021,10,18
OM146298,AY.43.3,29813,Chile,2021-10-21,2021,10,21
OM146357,AY.43.3,29811,Chile,2021-11-02,2021,11,2
OM146362,AY.25.1,29803,Chile,2021-11-04,2021,11,4
OM146376,AY.101,29802,Chile,2021-11-06,2021,11,6
OM146377,AY.100,29813,Chile,2021-11-06,2021,11,6
OM146381,AY.102,29808,Chile,2021-11-06,2021,11,6
OM146395,AY.43,29800,Chile,2021-11-07,2021,11,7
OM146422,AY.119.1,29803,Chile,2021-11-12,2021,11,12
OM146441,AY.122,29831,Chile,2021-11-19,2021,11,19
OM146448,AY.122.4,29801,Chile,2021-11-26,2021,11,26
OM146459,AY.43.3,29808,Chile,2021-12-04,2021,12,4
OM146460,AY.122.4,29803,Chile,2021-12-04,2021,12,4
OM146464,AY.25.1,29803,Chile,2021-12-04,2021,12,4
OM146467,AY.122,29807,Chile,2021-12-04,2021,12,4
MW672138,B.1.1,29724,Chile,2020-06-08,2020,6,8
MW672139,C.26,29724,Chile,2020-06-08,2020,6,8
MW672140,B.1.1.33,29715,Chile,2020-06-08,2020,6,8
MW672141,B.1,29726,Chile,2020-06-08,2020,6,8
MW672145,N.4,29739,Chile,2020-06-08,2020,6,8
MW672150,N.6,29717,Chile,2020-06-08,2020,6,8
MW672165,B.1.110,29724,Chile,2020-06-08,2020,6,8
MW364964,B.1.110,29717,Chile,2020-03-29,2020,3,29
MW364965,B.1.1,29714,Chile,2020-04-23,2020,4,23
MW364967,B.1.415,29716,Chile,2020-03-16,2020,3,16
MW364969,B.1,29724,Chile,2020-05-06,2020,5,6
MW364970,B.1,29705,Chile,2020-04-30,2020,4,30
MW364986,B.1.110,29704,Chile,2020-04-04,2020,4,4
MW364996,B.1.1.33,29717,Chile,2020-04-06,2020,4,6
MW365009,B.1.1.33,29710,Chile,2020-05-13,2020,5,13
MW365012,N.6,29707,Chile,2020-05-12,2020,5,12
MW365014,B.1.1,29714,Chile,2020-05-12,2020,5,12
MW365021,B.1.110,29717,Chile,2020-05-13,2020,5,13
MW365031,N.4,29715,Chile,2020-05-12,2020,5,12
MW365034,C.26,29723,Chile,2020-05-12,2020,5,12
MW365039,B.1.199,29709,Chile,2020-05-12,2020,5,12
MW365090,N.6,29716,Chile,2020-04-30,2020,4,30
MW365124,B.1.1,29717,Chile,2020-03-30,2020,3,30
MW365139,B.1,29722,Chile,2020-03-31,2020,3,31
MW365145,B.1.1.33,29716,Chile,2020-03-30,2020,3,30
MW365193,B.1.321,29723,Chile,2020-03-20,2020,3,20
MW365195,A.2,29717,Chile,2020-03-19,2020,3,19
MW365225,B.1.110.1,29724,Chile,2020-03-18,2020,3,18
MW365229,B.31,29718,Chile,2020-03-18,2020,3,18
MW365234,N.4,29730,Chile,2020-04-28,2020,4,28
MT670015,A,29782,Chile,2020-03-12,2020,3,12
MT670021,B.1.111,29782,Chile,2020-03-21,2020,3,21
MZ359830,B.4,29800,Iran,2020-04-28,2020,4,28
MZ314342,B.1.1,29786,Iran,2020-12-05,2020,12,5
MZ314345,B.1.36.7,29795,Iran,2020-10-10,2020,10,10
MZ314348,B.1.36.8,29784,Iran,2020-09-25,2020,9,25
MW737421,B.35,29816,Iran,2020-02-11,2020,2,11
MT994849,B.4.6,29819,Iran,2020-05-01,2020,5,1
MT994286,B.4,29794,Iran,2020-05-01,2020,5,1
MT889692,B.1.210,29800,Iran,2020-05-01,2020,5,1
MT447177,B.4,29793,Iran,2020-03-26,2020,3,26
